importId,currency.id,fullName,isCustomer,invoiceSendingFormatSelect,firstName,partnerTypeSelect,name,user.id,simpleFullName,companies
"DollarDaysInternational,Inc",148,"DollarDays International, Inc",false,emailpaper,DollarDays,1,"DollarDays International, Inc",1,"DollarDays International, Inc",1
AssistanceLeagueofCoachellaValley,148,Assistance League of Coachella Valley,false,emailpaper,Assistance,1,Assistance League of Coachella Valley,1,Assistance League of Coachella Valley,1
TELAMONCORPORATION,148,TELAMON CORPORATION,false,emailpaper,TELAMON,1,TELAMON CORPORATION,1,TELAMON CORPORATION,1
ChelanDouglasChildServicesAssociation,148,Chelan Douglas Child Services Association,false,emailpaper,Chelan,1,Chelan Douglas Child Services Association,1,Chelan Douglas Child Services Association,1
Source1-AllisonWhite,148,Source1- Allison White,false,emailpaper,Source1-,1,Source1- Allison White,1,Source1- Allison White,1
AssistanceLeagueofVentura,148,Assistance League of Ventura,false,emailpaper,Assistance,1,Assistance League of Ventura,1,Assistance League of Ventura,1
CampbellPetCo.-BigCreek,148,Campbell Pet Co. - Big Creek,false,emailpaper,Campbell,1,Campbell Pet Co. - Big Creek,1,Campbell Pet Co. - Big Creek,1
NGS-MalgaInc.,148,NGS- Malga Inc.,false,emailpaper,NGS-,1,NGS- Malga Inc.,1,NGS- Malga Inc.,1
NGS-JYPrinting/NationalPrint&Inv.,148,NGS- JY Printing /National Print & Inv.,false,emailpaper,NGS-,1,NGS- JY Printing /National Print & Inv.,1,NGS- JY Printing /National Print & Inv.,1
CampbellPetCo.-AspenAnimalHospital,148,Campbell Pet Co. - Aspen Animal Hospital,false,emailpaper,Campbell,1,Campbell Pet Co. - Aspen Animal Hospital,1,Campbell Pet Co. - Aspen Animal Hospital,1
NGS-CreativeExpressions,148,NGS- Creative Expressions,false,emailpaper,NGS-,1,NGS- Creative Expressions,1,NGS- Creative Expressions,1
CampbellPetCo.-LIFETIMEPETWELLNESS,148,Campbell Pet Co. - LIFETIME PET WELLNESS,false,emailpaper,Campbell,1,Campbell Pet Co. - LIFETIME PET WELLNESS,1,Campbell Pet Co. - LIFETIME PET WELLNESS,1
CampbellPetCo.-AmigoAnimalClc2010,148,Campbell Pet Co. - Amigo Animal Clc 2010,false,emailpaper,Campbell,1,Campbell Pet Co. - Amigo Animal Clc 2010,1,Campbell Pet Co. - Amigo Animal Clc 2010,1
CampbellPetCo.-DumfriesAnimalHosp.,148,Campbell Pet Co. - Dumfries Animal Hosp.,false,emailpaper,Campbell,1,Campbell Pet Co. - Dumfries Animal Hosp.,1,Campbell Pet Co. - Dumfries Animal Hosp.,1
CampbellPetCo.-PawtownVeterinaryCar,148,Campbell Pet Co. - Pawtown Veterinary Car,false,emailpaper,Campbell,1,Campbell Pet Co. - Pawtown Veterinary Car,1,Campbell Pet Co. - Pawtown Veterinary Car,1
NGS-MGBPROMOTIONS,148,NGS- MGB PROMOTIONS,false,emailpaper,NGS-,1,NGS- MGB PROMOTIONS,1,NGS- MGB PROMOTIONS,1
CampbellPetCo.-SaguaroVeterinary,148,Campbell Pet Co. - Saguaro Veterinary,false,emailpaper,Campbell,1,Campbell Pet Co. - Saguaro Veterinary,1,Campbell Pet Co. - Saguaro Veterinary,1
CampbellPetCo.-MurrellsInletVet.Hos,148,Campbell Pet Co.- Murrells Inlet Vet. Hos,false,emailpaper,Campbell,1,Campbell Pet Co.- Murrells Inlet Vet. Hos,1,Campbell Pet Co.- Murrells Inlet Vet. Hos,1
CampbellPetCo.-BaxterCOAnimalClini,148,Campbell Pet Co. - Baxter CO Animal Clini,false,emailpaper,Campbell,1,Campbell Pet Co. - Baxter CO Animal Clini,1,Campbell Pet Co. - Baxter CO Animal Clini,1
CampbellPetCo.-RedkeyVetClinic,148,Campbell Pet Co. - Redkey Vet Clinic,false,emailpaper,Campbell,1,Campbell Pet Co. - Redkey Vet Clinic,1,Campbell Pet Co. - Redkey Vet Clinic,1
CampbellPetCo.-FourCornersAn.2010,148,Campbell Pet Co. - Four Corners An. 2010,false,emailpaper,Campbell,1,Campbell Pet Co. - Four Corners An. 2010,1,Campbell Pet Co. - Four Corners An. 2010,1
"CampbellPetCo.-""dogsneed""Corp",148,"Campbell Pet Co. - ""dogs need"" Corp",false,emailpaper,Campbell,1,"Campbell Pet Co. - ""dogs need"" Corp",1,"Campbell Pet Co. - ""dogs need"" Corp",1
CampbellPetCo.-SpringBranchVet,148,Campbell Pet Co. - Spring Branch Vet,false,emailpaper,Campbell,1,Campbell Pet Co. - Spring Branch Vet,1,Campbell Pet Co. - Spring Branch Vet,1
CampbellPetCo.-VCACherokeeAn.Hosp.,148,Campbell Pet Co. - VCA Cherokee An. Hosp.,false,emailpaper,Campbell,1,Campbell Pet Co. - VCA Cherokee An. Hosp.,1,Campbell Pet Co. - VCA Cherokee An. Hosp.,1
CampbellPetCo.-UnionVetClinic,148,Campbell Pet Co. - Union Vet Clinic,false,emailpaper,Campbell,1,Campbell Pet Co. - Union Vet Clinic,1,Campbell Pet Co. - Union Vet Clinic,1
CampbellPetCo.-AnimalHosp.ofSanANT,148,Campbell Pet Co.- Animal Hosp. of SanANT,false,emailpaper,Campbell,1,Campbell Pet Co.- Animal Hosp. of SanANT,1,Campbell Pet Co.- Animal Hosp. of SanANT,1
CampbellPetCo.-ThHannahPetSociety,148,Campbell Pet Co. - Th Hannah Pet Society,false,emailpaper,Campbell,1,Campbell Pet Co. - Th Hannah Pet Society,1,Campbell Pet Co. - Th Hannah Pet Society,1
CampbellPetCo.-BAYOUCITYVETHOSPITA,148,Campbell Pet Co. - BAYOU CITY VET HOSPITA,false,emailpaper,Campbell,1,Campbell Pet Co. - BAYOU CITY VET HOSPITA,1,Campbell Pet Co. - BAYOU CITY VET HOSPITA,1
CampbellPetCo.-TerraLindaVet,148,Campbell Pet Co. - Terra Linda Vet,false,emailpaper,Campbell,1,Campbell Pet Co. - Terra Linda Vet,1,Campbell Pet Co. - Terra Linda Vet,1
CampbellPetCo.-BassLake,148,Campbell Pet Co. - Bass Lake,false,emailpaper,Campbell,1,Campbell Pet Co. - Bass Lake,1,Campbell Pet Co. - Bass Lake,1
CampbellPetCo.-AnimalMedCtr-Estes,148,Campbell Pet Co. - Animal Med Ctr-Estes,false,emailpaper,Campbell,1,Campbell Pet Co. - Animal Med Ctr-Estes,1,Campbell Pet Co. - Animal Med Ctr-Estes,1
CampbellPetCo.-AllCreaturesVetCen.,148,Campbell Pet Co. - All Creatures Vet Cen.,false,emailpaper,Campbell,1,Campbell Pet Co. - All Creatures Vet Cen.,1,Campbell Pet Co. - All Creatures Vet Cen.,1
CampbellPetCo.-NorthpawsVetCenter,148,Campbell Pet Co. -Northpaws Vet Center,false,emailpaper,Campbell,1,Campbell Pet Co. -Northpaws Vet Center,1,Campbell Pet Co. -Northpaws Vet Center,1
CampbellPetCo.-ANIMALMEDICALSERVICES,148,Campbell Pet Co. -ANIMAL MEDICAL SERVICES,false,emailpaper,Campbell,1,Campbell Pet Co. -ANIMAL MEDICAL SERVICES,1,Campbell Pet Co. -ANIMAL MEDICAL SERVICES,1
CampbellPetCo.-YosemitePetHospital,148,Campbell Pet Co. - Yosemite Pet Hospital,false,emailpaper,Campbell,1,Campbell Pet Co. - Yosemite Pet Hospital,1,Campbell Pet Co. - Yosemite Pet Hospital,1
CampbellPetCo.-Norton,148,Campbell Pet Co. - Norton,false,emailpaper,Campbell,1,Campbell Pet Co. - Norton,1,Campbell Pet Co. - Norton,1
CampbellPetCo.-CeresVet.clinic,148,Campbell Pet Co. - Ceres Vet. clinic,false,emailpaper,Campbell,1,Campbell Pet Co. - Ceres Vet. clinic,1,Campbell Pet Co. - Ceres Vet. clinic,1
CampbellPetCo.-NewCarlisleAnimal,148,Campbell Pet Co. - New Carlisle Animal,false,emailpaper,Campbell,1,Campbell Pet Co. - New Carlisle Animal,1,Campbell Pet Co. - New Carlisle Animal,1
CampbellPetCo.-Shorewood,148,Campbell Pet Co. - Shorewood,false,emailpaper,Campbell,1,Campbell Pet Co. - Shorewood,1,Campbell Pet Co. - Shorewood,1
CampbellPetCo.-ShampoochiesPensacola,148,Campbell Pet Co. - Shampoochies Pensacola,false,emailpaper,Campbell,1,Campbell Pet Co. - Shampoochies Pensacola,1,Campbell Pet Co. - Shampoochies Pensacola,1
Missouri-AudrainDeptHealth,148,Missouri- Audrain Dept Health,false,emailpaper,Missouri-,1,Missouri- Audrain Dept Health,1,Missouri- Audrain Dept Health,1
ThurmanMorganDDS,148,Thurman Morgan DDS,false,emailpaper,Thurman,1,Thurman Morgan DDS,1,Thurman Morgan DDS,1
Dr.JackieMiller,148,Dr. Jackie Miller,false,emailpaper,Dr.,1,Dr. Jackie Miller,1,Dr. Jackie Miller,1
BrianP.van-EmmerickDDS,148,Brian P. van - Emmerick DDS,false,emailpaper,Brian,1,Brian P. van - Emmerick DDS,1,Brian P. van - Emmerick DDS,1
PearsonDental-Sylmar,148,Pearson Dental- Sylmar,false,emailpaper,Pearson,1,Pearson Dental- Sylmar,1,Pearson Dental- Sylmar,1
ThomasNealDMD,148,Thomas Neal DMD,false,emailpaper,Thomas,1,Thomas Neal DMD,1,Thomas Neal DMD,1
J.MichaelThompsonDDS,148,J. Michael Thompson DDS,false,emailpaper,J.,1,J. Michael Thompson DDS,1,J. Michael Thompson DDS,1
MaineHealth,148,Maine Health,false,emailpaper,Maine,1,Maine Health,1,Maine Health,1
AssistanceLeagueofSt.Louis,148,Assistance League of St. Louis,false,emailpaper,Assistance,1,Assistance League of St. Louis,1,Assistance League of St. Louis,1
StephenMacDonaldDMD,148,Stephen MacDonald DMD,false,emailpaper,Stephen,1,Stephen MacDonald DMD,1,Stephen MacDonald DMD,1
KStreetDental,148,K Street Dental,false,emailpaper,K,1,K Street Dental,1,K Street Dental,1
NovaDentalPartners-OldTownDental,148,Nova Dental Partners- Old Town Dental,false,emailpaper,Nova,1,Nova Dental Partners- Old Town Dental,1,Nova Dental Partners- Old Town Dental,1
BeltsvilleDentalCare,148,Beltsville Dental Care,false,emailpaper,Beltsville,1,Beltsville Dental Care,1,Beltsville Dental Care,1
NovaDentalPartners-MountVernon,148,Nova Dental Partners- Mount Vernon,false,emailpaper,Nova,1,Nova Dental Partners- Mount Vernon,1,Nova Dental Partners- Mount Vernon,1
Townsend&Townsend,148,Townsend & Townsend,false,emailpaper,Townsend,1,Townsend & Townsend,1,Townsend & Townsend,1
RobertStevensDDS,148,Robert Stevens DDS,false,emailpaper,Robert,1,Robert Stevens DDS,1,Robert Stevens DDS,1
NGS-TeamConceptPrinting,148,NGS- Team Concept Printing,false,emailpaper,NGS-,1,NGS- Team Concept Printing,1,NGS- Team Concept Printing,1
HealthPartners,148,Health Partners,false,emailpaper,Health,1,Health Partners,1,Health Partners,1
DominionNational,148,Dominion National,false,emailpaper,Dominion,1,Dominion National,1,Dominion National,1
CarlaCouriDMD,148,Carla Couri DMD,false,emailpaper,Carla,1,Carla Couri DMD,1,Carla Couri DMD,1
Source1-KennethTusha,148,Source1- Kenneth Tusha,false,emailpaper,Source1-,1,Source1- Kenneth Tusha,1,Source1- Kenneth Tusha,1
Source1-SpringwoodsVillage,148,Source1- Springwoods Village,false,emailpaper,Source1-,1,Source1- Springwoods Village,1,Source1- Springwoods Village,1
HealthySmiles-Fresno,148,Healthy Smiles - Fresno,false,emailpaper,Healthy,1,Healthy Smiles - Fresno,1,Healthy Smiles - Fresno,1
AltusDental,148,Altus Dental,false,emailpaper,Altus,1,Altus Dental,1,Altus Dental,1
AssistanceLeagueofNorthCoast,148,Assistance League of North Coast,false,emailpaper,Assistance,1,Assistance League of North Coast,1,Assistance League of North Coast,1
OsageCountyHealthDepartment,148,Osage County Health Department,false,emailpaper,Osage,1,Osage County Health Department,1,Osage County Health Department,1
SchoolNurseSupplyInc.,148,School Nurse Supply Inc.,false,emailpaper,School,1,School Nurse Supply Inc.,1,School Nurse Supply Inc.,1
SupplyClinic,148,Supply Clinic,false,emailpaper,Supply,1,Supply Clinic,1,Supply Clinic,1
AssistanceLeagueofSantaBarbara,148,Assistance League of Santa Barbara,false,emailpaper,Assistance,1,Assistance League of Santa Barbara,1,Assistance League of Santa Barbara,1
WendyAlpaugh-SEEBRIANvee-Emmerik,148,Wendy Alpaugh -SEE BRIAN vee - Emmerik,false,emailpaper,Wendy,1,Wendy Alpaugh -SEE BRIAN vee - Emmerik,1,Wendy Alpaugh -SEE BRIAN vee - Emmerik,1
AssistanceLeagueofKansasCity,148,Assistance League of Kansas City,false,emailpaper,Assistance,1,Assistance League of Kansas City,1,Assistance League of Kansas City,1
AssistanceLeagueofEastValley-OSB,148,Assistance League of East Valley-OSB,false,emailpaper,Assistance,1,Assistance League of East Valley-OSB,1,Assistance League of East Valley-OSB,1
AssistanceLeagueofCincinnati-RedStar,148,Assistance League of Cincinnati- RedStar,false,emailpaper,Assistance,1,Assistance League of Cincinnati- RedStar,1,Assistance League of Cincinnati- RedStar,1
WilliamJacobsDDS,148,William Jacobs DDS,false,emailpaper,William,1,William Jacobs DDS,1,William Jacobs DDS,1
AssistanceLeagueofBoise,148,Assistance League of Boise,false,emailpaper,Assistance,1,Assistance League of Boise,1,Assistance League of Boise,1
Missouri-DeptofHealth,148,Missouri- Dept of Health,false,emailpaper,Missouri-,1,Missouri- Dept of Health,1,Missouri- Dept of Health,1
WorcesterDental,148,Worcester Dental,false,emailpaper,Worcester,1,Worcester Dental,1,Worcester Dental,1
AssistanceLeagueofCorvallis,148,Assistance League of Corvallis,false,emailpaper,Assistance,1,Assistance League of Corvallis,1,Assistance League of Corvallis,1
EkramSaeedDDS,148,Ekram Saeed DDS,false,emailpaper,Ekram,1,Ekram Saeed DDS,1,Ekram Saeed DDS,1
HenryCountyHealthCenter,148,Henry County Health Center,false,emailpaper,Henry,1,Henry County Health Center,1,Henry County Health Center,1
PolkCountyHealthCenter,148,Polk County Health Center,false,emailpaper,Polk,1,Polk County Health Center,1,Polk County Health Center,1
St.FrancoisCountyHealthCenter,148,St. Francois County Health Center,false,emailpaper,St.,1,St. Francois County Health Center,1,St. Francois County Health Center,1
CallawayCountyHealthDepartment,148,Callaway County Health Department,false,emailpaper,Callaway,1,Callaway County Health Department,1,Callaway County Health Department,1
Missouri-DeptofHealth-WIC,148,Missouri- Dept of Health - WIC,false,emailpaper,Missouri-,1,Missouri- Dept of Health - WIC,1,Missouri- Dept of Health - WIC,1
SteGenevieveCoHealthDept,148,Ste Genevieve Co Health Dept,false,emailpaper,Ste,1,Ste Genevieve Co Health Dept,1,Ste Genevieve Co Health Dept,1
YampolskyDental-formerlySYG,148,Yampolsky Dental - formerly SYG,false,emailpaper,Yampolsky,1,Yampolsky Dental - formerly SYG,1,Yampolsky Dental - formerly SYG,1
Source1-LaTonyaGillespie,148,Source1- LaTonya Gillespie,false,emailpaper,Source1-,1,Source1- LaTonya Gillespie,1,Source1- LaTonya Gillespie,1
Source1-NejayPaulineAnanaba,148,Source1- Nejay Pauline Ananaba,false,emailpaper,Source1-,1,Source1- Nejay Pauline Ananaba,1,Source1- Nejay Pauline Ananaba,1
SOURCE1,148,SOURCE1,false,emailpaper,SOURCE1,1,SOURCE1,1,SOURCE1,1
SandraGarcia-IryamiDDS,148,Sandra Garcia-Iryami DDS,false,emailpaper,Sandra,1,Sandra Garcia-Iryami DDS,1,Sandra Garcia-Iryami DDS,1
DeltaDentalofPennsylvania-JudySmith,148,Delta Dental of Pennsylvania -Judy Smith,false,emailpaper,Delta,1,Delta Dental of Pennsylvania -Judy Smith,1,Delta Dental of Pennsylvania -Judy Smith,1
Source1-DanielKing,148,Source1- Daniel King,false,emailpaper,Source1-,1,Source1- Daniel King,1,Source1- Daniel King,1
DeltaDental-Northeast-Jen,148,Delta Dental - Northeast -Jen,false,emailpaper,Delta,1,Delta Dental - Northeast -Jen,1,Delta Dental - Northeast -Jen,1
DeltaDental-MichiganOkemos,148,Delta Dental - Michigan Okemos,false,emailpaper,Delta,1,Delta Dental - Michigan Okemos,1,Delta Dental - Michigan Okemos,1
DeltaDental-Arizona,148,Delta Dental - Arizona,false,emailpaper,Delta,1,Delta Dental - Arizona,1,Delta Dental - Arizona,1
DeltaDental-Mass,148,Delta Dental - Mass,false,emailpaper,Delta,1,Delta Dental - Mass,1,Delta Dental - Mass,1
DeltaDentalofKentucky,148,Delta Dental of Kentucky,false,emailpaper,Delta,1,Delta Dental of Kentucky,1,Delta Dental of Kentucky,1
DeltaDentalofWyoming,148,Delta Dental of Wyoming,false,emailpaper,Delta,1,Delta Dental of Wyoming,1,Delta Dental of Wyoming,1
DeltaDentalofArkansas,148,Delta Dental of Arkansas,false,emailpaper,Delta,1,Delta Dental of Arkansas,1,Delta Dental of Arkansas,1
CampbellPetCo.-LebanonAnimalHosp.,148,Campbell Pet Co. - Lebanon Animal Hosp.,false,emailpaper,Campbell,1,Campbell Pet Co. - Lebanon Animal Hosp.,1,Campbell Pet Co. - Lebanon Animal Hosp.,1
CampbellPetCo.-SandyCreekVeterinary,148,Campbell Pet Co. - Sandy Creek Veterinary,false,emailpaper,Campbell,1,Campbell Pet Co. - Sandy Creek Veterinary,1,Campbell Pet Co. - Sandy Creek Veterinary,1
FirstDentalHealth,148,First Dental Health,false,emailpaper,First,1,First Dental Health,1,First Dental Health,1
CampbellPetCo.-RivertonVetClinic,148,Campbell Pet Co. - Riverton Vet Clinic,false,emailpaper,Campbell,1,Campbell Pet Co. - Riverton Vet Clinic,1,Campbell Pet Co. - Riverton Vet Clinic,1
CampbellPetCo.-CanineCabin,148,Campbell Pet Co. - Canine Cabin,false,emailpaper,Campbell,1,Campbell Pet Co. - Canine Cabin,1,Campbell Pet Co. - Canine Cabin,1
CampbellPetCo.-ManatiVetClinic,148,Campbell Pet Co. - Manati Vet Clinic,false,emailpaper,Campbell,1,Campbell Pet Co. - Manati Vet Clinic,1,Campbell Pet Co. - Manati Vet Clinic,1
DeltaDentalofPennsylvania-JudySmith,148,Delta Dental of Pennsylvania - Judy Smith,false,emailpaper,Delta,1,Delta Dental of Pennsylvania - Judy Smith,1,Delta Dental of Pennsylvania - Judy Smith,1
DeltaDentalofCalifornia,148,Delta Dental of California,false,emailpaper,Delta,1,Delta Dental of California,1,Delta Dental of California,1
DeltaDental-TN-Jana,148,Delta Dental - TN - Jana,false,emailpaper,Delta,1,Delta Dental - TN - Jana,1,Delta Dental - TN - Jana,1
DeltaDental-Northeast-Laureen,148,Delta Dental - Northeast - Laureen,false,emailpaper,Delta,1,Delta Dental - Northeast - Laureen,1,Delta Dental - Northeast - Laureen,1
DeltaDentalofMichigan-Ohio,148,Delta Dental of Michigan - Ohio,false,emailpaper,Delta,1,Delta Dental of Michigan - Ohio,1,Delta Dental of Michigan - Ohio,1
DeltaDental-Iowa-MarenLenhart,148,Delta Dental - Iowa - Maren Lenhart,false,emailpaper,Delta,1,Delta Dental - Iowa - Maren Lenhart,1,Delta Dental - Iowa - Maren Lenhart,1
DeltaDentalofWashington,148,Delta Dental of Washington,false,emailpaper,Delta,1,Delta Dental of Washington,1,Delta Dental of Washington,1
DeltaDentalofNewMexico,148,Delta Dental of New Mexico,false,emailpaper,Delta,1,Delta Dental of New Mexico,1,Delta Dental of New Mexico,1
DeltaDental-OhioKeren,148,Delta Dental - Ohio Keren,false,emailpaper,Delta,1,Delta Dental - Ohio Keren,1,Delta Dental - Ohio Keren,1
DeltaDentalofNewJersey,148,Delta Dental of New Jersey,false,emailpaper,Delta,1,Delta Dental of New Jersey,1,Delta Dental of New Jersey,1
btcDiabloLeague,148,btc Diablo League,false,emailpaper,btc,1,btc Diablo League,1,btc Diablo League,1
DeltaDentalofNewJersey-CT,148,Delta Dental of New Jersey - CT,false,emailpaper,Delta,1,Delta Dental of New Jersey - CT,1,Delta Dental of New Jersey - CT,1
DeltaDentalofOklahoma,148,Delta Dental of Oklahoma,false,emailpaper,Delta,1,Delta Dental of Oklahoma,1,Delta Dental of Oklahoma,1
DeltaDental-NortheastJodieHittle,148,Delta Dental - Northeast Jodie Hittle,false,emailpaper,Delta,1,Delta Dental - Northeast Jodie Hittle,1,Delta Dental - Northeast Jodie Hittle,1
DeltaDental-CaliforniaCerritos,148,Delta Dental - California Cerritos,false,emailpaper,Delta,1,Delta Dental - California Cerritos,1,Delta Dental - California Cerritos,1
ModaHealth,148,Moda Health,false,emailpaper,Moda,1,Moda Health,1,Moda Health,1
DeltaDental-Iowa,148,Delta Dental - Iowa,false,emailpaper,Delta,1,Delta Dental - Iowa,1,Delta Dental - Iowa,1
DeltaDentalofRhodeIsland,148,Delta Dental of Rhode Island,false,emailpaper,Delta,1,Delta Dental of Rhode Island,1,Delta Dental of Rhode Island,1
DeltaDentalofPennsylvania-AmyA,148,Delta Dental of Pennsylvania - Amy A,false,emailpaper,Delta,1,Delta Dental of Pennsylvania - Amy A,1,Delta Dental of Pennsylvania - Amy A,1
DeltaDental-GAMauriciaWesterfield,148,Delta Dental -GA Mauricia Westerfield,false,emailpaper,Delta,1,Delta Dental -GA Mauricia Westerfield,1,Delta Dental -GA Mauricia Westerfield,1
DeltaDental-Arizona-LaVerna,148,Delta Dental - Arizona -LaVerna,false,emailpaper,Delta,1,Delta Dental - Arizona -LaVerna,1,Delta Dental - Arizona -LaVerna,1
"ChingShieh,DMD",148,"Ching Shieh, DMD",false,emailpaper,Ching,1,"Ching Shieh, DMD",1,"Ching Shieh, DMD",1
Tri-CountyHealthDepartment,148,Tri- County Health Department,false,emailpaper,Tri-,1,Tri- County Health Department,1,Tri- County Health Department,1
ProTechProf.Products,148,ProTech Prof. Products,false,emailpaper,ProTech,1,ProTech Prof. Products,1,ProTech Prof. Products,1
ZakhariDentalArts,148,Zakhari Dental Arts,false,emailpaper,Zakhari,1,Zakhari Dental Arts,1,Zakhari Dental Arts,1
RichardGruntzDDS,148,Richard Gruntz DDS,false,emailpaper,Richard,1,Richard Gruntz DDS,1,Richard Gruntz DDS,1
TMNorthValleyDentalCare,148,TM North Valley Dental Care,false,emailpaper,TM,1,TM North Valley Dental Care,1,TM North Valley Dental Care,1
NovaDentalPartners-Fairfax,148,Nova Dental Partners- Fairfax,false,emailpaper,Nova,1,Nova Dental Partners- Fairfax,1,Nova Dental Partners- Fairfax,1
NovaDentalPartners-KingStreetStation,148,Nova Dental Partners- King Street Station,false,emailpaper,Nova,1,Nova Dental Partners- King Street Station,1,Nova Dental Partners- King Street Station,1
NovaDentalPartners-LakeRidge,148,Nova Dental Partners- Lake Ridge,false,emailpaper,Nova,1,Nova Dental Partners- Lake Ridge,1,Nova Dental Partners- Lake Ridge,1
GregoryEberhartDDS,148,Gregory Eberhart DDS,false,emailpaper,Gregory,1,Gregory Eberhart DDS,1,Gregory Eberhart DDS,1
BeverlyDentalCare,148,Beverly Dental Care,false,emailpaper,Beverly,1,Beverly Dental Care,1,Beverly Dental Care,1
AssistanceLeagueofFlagstaff,148,Assistance League of Flagstaff,false,emailpaper,Assistance,1,Assistance League of Flagstaff,1,Assistance League of Flagstaff,1
EmilioMartinezDDS,148,Emilio Martinez DDS,false,emailpaper,Emilio,1,Emilio Martinez DDS,1,Emilio Martinez DDS,1
DelwinWiemersDDS,148,Delwin Wiemers DDS,false,emailpaper,Delwin,1,Delwin Wiemers DDS,1,Delwin Wiemers DDS,1
NataliyaJumonvilleDMD,148,Nataliya Jumonville DMD,false,emailpaper,Nataliya,1,Nataliya Jumonville DMD,1,Nataliya Jumonville DMD,1
PontikasPeriodontics,148,Pontikas Periodontics,false,emailpaper,Pontikas,1,Pontikas Periodontics,1,Pontikas Periodontics,1
LarryFrugoliDMD,148,Larry Frugoli DMD,false,emailpaper,Larry,1,Larry Frugoli DMD,1,Larry Frugoli DMD,1
KevinTatlockDDS,148,Kevin Tatlock DDS,false,emailpaper,Kevin,1,Kevin Tatlock DDS,1,Kevin Tatlock DDS,1
"YoonHeeChoe,DDS",148,"Yoon Hee Choe, DDS",false,emailpaper,Yoon,1,"Yoon Hee Choe, DDS",1,"Yoon Hee Choe, DDS",1
AssistanceLeagueofIrvine,148,Assistance League of Irvine,false,emailpaper,Assistance,1,Assistance League of Irvine,1,Assistance League of Irvine,1
KerstinHorbal(FormerlyJackHorbalDDS,148,Kerstin Horbal ( Formerly Jack Horbal DDS,false,emailpaper,Kerstin,1,Kerstin Horbal ( Formerly Jack Horbal DDS,1,Kerstin Horbal ( Formerly Jack Horbal DDS,1
Source1-RachelNguyen,148,Source1- Rachel Nguyen,false,emailpaper,Source1-,1,Source1- Rachel Nguyen,1,Source1- Rachel Nguyen,1
Source1-ReneRoberts,148,Source1- Rene Roberts,false,emailpaper,Source1-,1,Source1- Rene Roberts,1,Source1- Rene Roberts,1
Source1-ChristopherHill,148,Source1- Christopher Hill,false,emailpaper,Source1-,1,Source1- Christopher Hill,1,Source1- Christopher Hill,1
ClaraMaassMedicalCenter,148,Clara Maass Medical Center,false,emailpaper,Clara,1,Clara Maass Medical Center,1,Clara Maass Medical Center,1
DanielKimDDS,148,Daniel Kim DDS,false,emailpaper,Daniel,1,Daniel Kim DDS,1,Daniel Kim DDS,1
AssistanceLeagueofCincinnati,148,Assistance League of Cincinnati,false,emailpaper,Assistance,1,Assistance League of Cincinnati,1,Assistance League of Cincinnati,1
Samaritan'sPurse,148,Samaritan's Purse,false,emailpaper,Samaritan's,1,Samaritan's Purse,1,Samaritan's Purse,1
BrettGoldsmithDDS,148,Brett Goldsmith DDS,false,emailpaper,Brett,1,Brett Goldsmith DDS,1,Brett Goldsmith DDS,1
SolsticeBenefits,148,Solstice Benefits,false,emailpaper,Solstice,1,Solstice Benefits,1,Solstice Benefits,1
DavidGleanerDMD-(B2),148,David Gleaner DMD -(B2),false,emailpaper,David,1,David Gleaner DMD -(B2),1,David Gleaner DMD -(B2),1
EMIHealth,148,EMI Health,false,emailpaper,EMI,1,EMI Health,1,EMI Health,1
NGS-GPConsultingGroup,148,NGS- GP Consulting Group,false,emailpaper,NGS-,1,NGS- GP Consulting Group,1,NGS- GP Consulting Group,1
Overture,148,Overture,false,emailpaper,Overture,1,Overture,1,Overture,1
CentralCityDentalOffice,148,Central City Dental Office,false,emailpaper,Central,1,Central City Dental Office,1,Central City Dental Office,1
DENCAPDentalPlans,148,DENCAP Dental Plans,false,emailpaper,DENCAP,1,DENCAP Dental Plans,1,DENCAP Dental Plans,1
KenCirkaDMD,148,Ken Cirka DMD,false,emailpaper,Ken,1,Ken Cirka DMD,1,Ken Cirka DMD,1
BaltimoreCityPublicSchools,148,Baltimore City Public Schools,false,emailpaper,Baltimore,1,Baltimore City Public Schools,1,Baltimore City Public Schools,1
CatalinaGonzalez,148,Catalina Gonzalez,false,emailpaper,Catalina,1,Catalina Gonzalez,1,Catalina Gonzalez,1
NGS-ACROPrinting,148,NGS- ACRO Printing,false,emailpaper,NGS-,1,NGS- ACRO Printing,1,NGS- ACRO Printing,1
IdealImages,148,Ideal Images,false,emailpaper,Ideal,1,Ideal Images,1,Ideal Images,1
DeltaDentalofPennsylvania,148,Delta Dental of Pennsylvania,false,emailpaper,Delta,1,Delta Dental of Pennsylvania,1,Delta Dental of Pennsylvania,1
GaetanCharbonneauDMD,148,Gaetan Charbonneau DMD,false,emailpaper,Gaetan,1,Gaetan Charbonneau DMD,1,Gaetan Charbonneau DMD,1
AetnaDental,148,Aetna Dental,false,emailpaper,Aetna,1,Aetna Dental,1,Aetna Dental,1
Accupac,148,Accupac,false,emailpaper,Accupac,1,Accupac,1,Accupac,1
Source1-CrystalIsenhower,148,Source1- Crystal Isenhower,false,emailpaper,Source1-,1,Source1- Crystal Isenhower,1,Source1- Crystal Isenhower,1
Source1-MarkWaninger,148,Source1- Mark Waninger,false,emailpaper,Source1-,1,Source1- Mark Waninger,1,Source1- Mark Waninger,1
AlpinePinnacle,148,Alpine Pinnacle,false,emailpaper,Alpine,1,Alpine Pinnacle,1,Alpine Pinnacle,1
Source1-AnnaBell,148,Source1- Anna Bell,false,emailpaper,Source1-,1,Source1- Anna Bell,1,Source1- Anna Bell,1
Source1-ThomasJagor,148,Source1- Thomas Jagor,false,emailpaper,Source1-,1,Source1- Thomas Jagor,1,Source1- Thomas Jagor,1
AssistanceLeagueofPhoenix-HUGS,148,Assistance League of Phoenix- HUGS,false,emailpaper,Assistance,1,Assistance League of Phoenix- HUGS,1,Assistance League of Phoenix- HUGS,1
ProformaabZImprints,148,Proforma abZ Imprints,false,emailpaper,Proforma,1,Proforma abZ Imprints,1,Proforma abZ Imprints,1
AssistanceLeagueofEverett-OSB,148,Assistance League of Everett - OSB,false,emailpaper,Assistance,1,Assistance League of Everett - OSB,1,Assistance League of Everett - OSB,1
AssistanceLeagueofCovinaValley,148,Assistance League of Covina Valley,false,emailpaper,Assistance,1,Assistance League of Covina Valley,1,Assistance League of Covina Valley,1
DeltaDentalofCalifornia-TammyHunter,148,Delta Dental of California - Tammy Hunter,false,emailpaper,Delta,1,Delta Dental of California - Tammy Hunter,1,Delta Dental of California - Tammy Hunter,1
DeltaDentalofSouthDakota,148,Delta Dental of South Dakota,false,emailpaper,Delta,1,Delta Dental of South Dakota,1,Delta Dental of South Dakota,1
DeltaDentalofIdaho-Carrie,148,Delta Dental of Idaho - Carrie,false,emailpaper,Delta,1,Delta Dental of Idaho - Carrie,1,Delta Dental of Idaho - Carrie,1
DeltaDentalofNorthCarolina,148,Delta Dental of North Carolina,false,emailpaper,Delta,1,Delta Dental of North Carolina,1,Delta Dental of North Carolina,1
DeltaDentalofIowa-TonyDavis,148,Delta Dental of Iowa - Tony Davis,false,emailpaper,Delta,1,Delta Dental of Iowa - Tony Davis,1,Delta Dental of Iowa - Tony Davis,1
DeltaDentalofKentucky-Laura,148,Delta Dental of Kentucky - Laura,false,emailpaper,Delta,1,Delta Dental of Kentucky - Laura,1,Delta Dental of Kentucky - Laura,1
DeltaDentalofMichigan-ColumbusOH,148,Delta Dental of Michigan - Columbus OH,false,emailpaper,Delta,1,Delta Dental of Michigan - Columbus OH,1,Delta Dental of Michigan - Columbus OH,1
NCLeagueofMunicipalities,148,NC League of Municipalities,false,emailpaper,NC,1,NC League of Municipalities,1,NC League of Municipalities,1
Source1-JamesLeeStockslager,148,Source1- James Lee Stockslager,false,emailpaper,Source1-,1,Source1- James Lee Stockslager,1,Source1- James Lee Stockslager,1
Source1-AdamCheslockTampa,148,Source1- AdamCheslockTampa,false,emailpaper,Source1-,1,Source1- AdamCheslockTampa,1,Source1- AdamCheslockTampa,1
Source1-BetsyLong,148,Source1- Betsy Long,false,emailpaper,Source1-,1,Source1- Betsy Long,1,Source1- Betsy Long,1
Source1-BrandonDevito,148,Source1- Brandon Devito,false,emailpaper,Source1-,1,Source1- Brandon Devito,1,Source1- Brandon Devito,1
SOURCE1-TRACYLACANNE,148,SOURCE1- TRACY LACANNE,false,emailpaper,SOURCE1-,1,SOURCE1- TRACY LACANNE,1,SOURCE1- TRACY LACANNE,1
Source1-BaretWilliams-Furfaro,148,Source1- Baret Williams-Furfaro,false,emailpaper,Source1-,1,Source1- Baret Williams-Furfaro,1,Source1- Baret Williams-Furfaro,1
Source1-Dr.MatthewSerbousek,148,Source1- Dr. Matthew Serbousek,false,emailpaper,Source1-,1,Source1- Dr. Matthew Serbousek,1,Source1- Dr. Matthew Serbousek,1
Source1-JenniferKnoll,148,Source1- Jennifer Knoll,false,emailpaper,Source1-,1,Source1- Jennifer Knoll,1,Source1- Jennifer Knoll,1
Source1-DanielBranson,148,Source1- Daniel Branson,false,emailpaper,Source1-,1,Source1- Daniel Branson,1,Source1- Daniel Branson,1
PaulJacobsJr.DDS,148,Paul Jacobs Jr. DDS,false,emailpaper,Paul,1,Paul Jacobs Jr. DDS,1,Paul Jacobs Jr. DDS,1
D-TigersPlastics,148,D- Tigers Plastics,false,emailpaper,D-,1,D- Tigers Plastics,1,D- Tigers Plastics,1
Source1-JamieHall,148,Source1- Jamie Hall,false,emailpaper,Source1-,1,Source1- Jamie Hall,1,Source1- Jamie Hall,1
Source1-ElizabethPapineau,148,Source1- Elizabeth Papineau,false,emailpaper,Source1-,1,Source1- Elizabeth Papineau,1,Source1- Elizabeth Papineau,1
ALTAMED,148,ALTAMED,false,emailpaper,ALTAMED,1,ALTAMED,1,ALTAMED,1
NoodleSoup-SeeCydneyWeingart,148,Noodle Soup - See Cydney Weingart,false,emailpaper,Noodle,1,Noodle Soup - See Cydney Weingart,1,Noodle Soup - See Cydney Weingart,1
ViHuynhDMD,148,Vi Huynh DMD,false,emailpaper,Vi,1,Vi Huynh DMD,1,Vi Huynh DMD,1
Source1-DouglasMaxwell,148,Source1- Douglas Maxwell,false,emailpaper,Source1-,1,Source1- Douglas Maxwell,1,Source1- Douglas Maxwell,1
Source1-BenPopple,148,Source1- Ben Popple,false,emailpaper,Source1-,1,Source1- Ben Popple,1,Source1- Ben Popple,1
Source1-GilbertLam,148,Source1- Gilbert Lam,false,emailpaper,Source1-,1,Source1- Gilbert Lam,1,Source1- Gilbert Lam,1
Source1-HeatherSylvester,148,Source1- Heather Sylvester,false,emailpaper,Source1-,1,Source1- Heather Sylvester,1,Source1- Heather Sylvester,1
Source1-CLau,148,Source1- C Lau,false,emailpaper,Source1-,1,Source1- C Lau,1,Source1- C Lau,1
Source1-DavidCarithers,148,Source1- David Carithers,false,emailpaper,Source1-,1,Source1- David Carithers,1,Source1- David Carithers,1
Source1-ClassicSmilesSusanneBaaqee,148,Source1- Classic Smiles Susanne Baaqee,false,emailpaper,Source1-,1,Source1- Classic Smiles Susanne Baaqee,1,Source1- Classic Smiles Susanne Baaqee,1
Source1-RobertStasny,148,Source1- Robert Stasny,false,emailpaper,Source1-,1,Source1- Robert Stasny,1,Source1- Robert Stasny,1
Source1-DemetraJones,148,Source1- Demetra Jones,false,emailpaper,Source1-,1,Source1- Demetra Jones,1,Source1- Demetra Jones,1
DentalDepot,148,Dental Depot,false,emailpaper,Dental,1,Dental Depot,1,Dental Depot,1
Source1-EdwardLancaster,148,Source1- Edward Lancaster,false,emailpaper,Source1-,1,Source1- Edward Lancaster,1,Source1- Edward Lancaster,1
Source1-AudreyMay-Jones,148,Source1- Audrey May-Jones,false,emailpaper,Source1-,1,Source1- Audrey May-Jones,1,Source1- Audrey May-Jones,1
AssistanceLeagueofLosAngeles,148,Assistance League of Los Angeles,false,emailpaper,Assistance,1,Assistance League of Los Angeles,1,Assistance League of Los Angeles,1
ProsthodonticsofNewYork,148,Prosthodontics of New York,false,emailpaper,Prosthodontics,1,Prosthodontics of New York,1,Prosthodontics of New York,1
Source1-PhatLy,148,Source1- Phat Ly,false,emailpaper,Source1-,1,Source1- Phat Ly,1,Source1- Phat Ly,1
TraverseDentalAssociates,148,Traverse Dental Associates,false,emailpaper,Traverse,1,Traverse Dental Associates,1,Traverse Dental Associates,1
D-MidwestDentalEquip.&Supply,148,D- Midwest Dental Equip. & Supply,false,emailpaper,D-,1,D- Midwest Dental Equip. & Supply,1,D- Midwest Dental Equip. & Supply,1
MidwestDentalEquip&Sup,148,Midwest Dental Equip & Sup,false,emailpaper,Midwest,1,Midwest Dental Equip & Sup,1,Midwest Dental Equip & Sup,1
Source1-JohnCastor,148,Source1- John Castor,false,emailpaper,Source1-,1,Source1- John Castor,1,Source1- John Castor,1
Source1-JaimeFairchild,148,Source1- Jaime Fairchild,false,emailpaper,Source1-,1,Source1- Jaime Fairchild,1,Source1- Jaime Fairchild,1
Source1-MelodyStampe,148,Source1- Melody Stampe,false,emailpaper,Source1-,1,Source1- Melody Stampe,1,Source1- Melody Stampe,1
Source1-RonaldAdams,148,Source1- Ronald Adams,false,emailpaper,Source1-,1,Source1- Ronald Adams,1,Source1- Ronald Adams,1
Source1-AustinLee,148,Source1- Austin Lee,false,emailpaper,Source1-,1,Source1- Austin Lee,1,Source1- Austin Lee,1
Source1-MelissaUriegas,148,Source1- Melissa Uriegas,false,emailpaper,Source1-,1,Source1- Melissa Uriegas,1,Source1- Melissa Uriegas,1
GreatBayDentalCare,148,Great Bay Dental Care,false,emailpaper,Great,1,Great Bay Dental Care,1,Great Bay Dental Care,1
BrunswickDentalHealth,148,Brunswick Dental Health,false,emailpaper,Brunswick,1,Brunswick Dental Health,1,Brunswick Dental Health,1
SalinasUnionHighSchoolDistrict,148,Salinas Union High School District,false,emailpaper,Salinas,1,Salinas Union High School District,1,Salinas Union High School District,1
Source1-SaraTwardy,148,Source1- Sara Twardy,false,emailpaper,Source1-,1,Source1- Sara Twardy,1,Source1- Sara Twardy,1
TDA-MelissaUriegas,148,TDA- Melissa Uriegas,false,emailpaper,TDA-,1,TDA- Melissa Uriegas,1,TDA- Melissa Uriegas,1
Source1-MichaelRobertson,148,Source1- Michael Robertson,false,emailpaper,Source1-,1,Source1- Michael Robertson,1,Source1- Michael Robertson,1
Source1-LisaTrevino,148,Source1- Lisa Trevino,false,emailpaper,Source1-,1,Source1- Lisa Trevino,1,Source1- Lisa Trevino,1
NGS-FreedomGraphics,148,NGS- Freedom Graphics,false,emailpaper,NGS-,1,NGS- Freedom Graphics,1,NGS- Freedom Graphics,1
DentalCarePlusGroup,148,Dental Care Plus Group,false,emailpaper,Dental,1,Dental Care Plus Group,1,Dental Care Plus Group,1
ParamountDental,148,Paramount Dental,false,emailpaper,Paramount,1,Paramount Dental,1,Paramount Dental,1
Source1-JeffreyGlaser,148,Source1- Jeffrey Glaser,false,emailpaper,Source1-,1,Source1- Jeffrey Glaser,1,Source1- Jeffrey Glaser,1
Smile1-AmericanIndependentBusinessCoalition,148,Smile1 - American Independent Business Coalition,false,emailpaper,Smile1,1,Smile1 - American Independent Business Coalition,1,Smile1 - American Independent Business Coalition,1
Source1-TheresaWhite,148,Source1- Theresa White,false,emailpaper,Source1-,1,Source1- Theresa White,1,Source1- Theresa White,1
MountainDentalHygeneServicesLLC,148,Mountain Dental Hygene Services LLC,false,emailpaper,Mountain,1,Mountain Dental Hygene Services LLC,1,Mountain Dental Hygene Services LLC,1
BlueCrossBlueShield,148,Blue Cross Blue Shield,false,emailpaper,Blue,1,Blue Cross Blue Shield,1,Blue Cross Blue Shield,1
TheDentalCarePlusGroup,148,The Dental Care Plus Group,false,emailpaper,The,1,The Dental Care Plus Group,1,The Dental Care Plus Group,1
MutualofOmaha,148,Mutual of Omaha,false,emailpaper,Mutual,1,Mutual of Omaha,1,Mutual of Omaha,1
LifeWise,148,LifeWise,false,emailpaper,LifeWise,1,LifeWise,1,LifeWise,1
PremeraAlaska,148,Premera Alaska,false,emailpaper,Premera,1,Premera Alaska,1,Premera Alaska,1
BostonMedical,148,Boston Medical,false,emailpaper,Boston,1,Boston Medical,1,Boston Medical,1
SmileBrands,148,Smile Brands,false,emailpaper,Smile,1,Smile Brands,1,Smile Brands,1
DominionNational,148,Dominion National,false,emailpaper,Dominion,1,Dominion National,1,Dominion National,1
,148,,false,emailpaper,,1,,1,,1
